country_name,country_code,year,exports_usd,port_teu,lsc_index,has_exports,has_port_traffic,has_lsc
Afghanistan,AFG,2016,596000000.0,,,True,False,False
Albania,ALB,2016,1959000000.0,118829.0,16.515,True,True,True
Algeria,DZA,2016,30026000000.0,1831056.0,76.945,True,True,True
American Samoa,ASM,2016,388000000.0,65970.0,24.73,True,True,True
Andorra,AND,2016,97000000.0,,,True,False,False
Angola,AGO,2016,27589000000.0,541346.0,78.8125,True,True,True
Antigua and Barbuda,ATG,2016,61000000.0,16193.0,15.9325,True,True,True
Argentina,ARG,2016,57910000000.0,1713267.0,104.8425,True,True,True
Armenia,ARM,2016,1792000000.0,,,True,False,False
Aruba,ABW,2016,284000000.0,31323.0,29.66,True,True,True
Australia,AUS,2016,192505000000.0,7830344.0,156.5775,True,True,True
Austria,AUT,2016,152090000000.0,285900.0,,True,True,False
Azerbaijan,AZE,2016,13108000000.0,,,True,False,False
"Bahamas, The",BHS,2016,403000000.0,1261778.0,77.5625,True,True,True
Bahrain,BHR,2016,12785000000.0,424602.0,44.225,True,True,True
Bangladesh,BGD,2016,34894000000.0,2387953.0,58.095,True,True,True
Barbados,BRB,2016,517000000.0,105321.0,38.675,True,True,True
Belarus,BLR,2016,23414000000.0,,,True,False,False
Belgium,BEL,2016,398134000000.0,10321506.0,388.56,True,True,True
Belize,BLZ,2016,443000000.0,46040.0,28.880000000000003,True,True,True
Benin,BEN,2016,1774000000.0,310500.0,57.8575,True,True,True
Bermuda,BMU,2016,19000000.0,4437.324,7.77,True,True,True
Bhutan,BTN,2016,525000000.0,,,True,False,False
Bolivia,BOL,2016,7082000000.0,,,True,False,False
Bosnia and Herzegovina,BIH,2016,5328000000.0,,,True,False,False
Botswana,BWA,2016,7366000000.0,,,True,False,False
Brazil,BRA,2016,179526000000.0,8804079.0,126.495,True,True,True
British Virgin Islands,VGB,2016,,52542.78,17.985,False,True,True
Brunei Darussalam,BRN,2016,4875000000.0,98606.0,25.9675,True,True,True
Bulgaria,BGR,2016,26572000000.0,206111.0,25.27,True,True,True
Burkina Faso,BFA,2016,2509000000.0,,,True,False,False
Burundi,BDI,2016,125000000.0,,,True,False,False
Cabo Verde,CPV,2016,55000000.0,62112.0,13.915,True,True,True
Cambodia,KHM,2016,10069000000.0,400187.0,36.9,True,True,True
Cameroon,CMR,2016,3305000000.0,370000.0,58.8625,True,True,True
Canada,CAN,2016,389991000000.0,5727822.0,154.84,True,True,True
Cayman Islands,CYM,2016,58000000.0,60718.0,6.67,True,True,True
Central African Republic,CAF,2016,115000000.0,,,True,False,False
Chad,TCD,2016,2090000000.0,,,True,False,False
Channel Islands,CHI,2016,,,,False,False,False
Chile,CHL,2016,60718000000.0,4170283.0,93.2575,True,True,True
China,CHN,2016,2097632000000.0,202830580.0,914.01,True,True,True
Colombia,COL,2016,31757000000.0,3452348.0,194.12,True,True,True
Comoros,COM,2016,31000000.0,73309.69,19.7675,True,True,True
"Congo, Dem. Rep.",COD,2016,7193000000.0,59133.0,24.6725,True,True,True
"Congo, Rep.",COG,2016,7901000000.0,562889.0,72.4425,True,True,True
Costa Rica,CRI,2016,10361000000.0,1338979.0,90.405,True,True,True
Cote d'Ivoire,CIV,2016,10876000000.0,885750.0,81.4325,True,True,True
Croatia,HRV,2016,13813000000.0,246596.0,60.595,True,True,True
Cuba,CUB,2016,2317000000.0,325319.0,37.4175,True,True,True
Curacao,CUW,2016,419000000.0,98278.0,36.4175,True,True,True
Cyprus,CYP,2016,2965000000.0,360841.0,54.302499999999995,True,True,True
Czechia,CZE,2016,162692000000.0,,,True,False,False
Denmark,DNK,2016,95326000000.0,715076.0,98.46,True,True,True
Djibouti,DJI,2016,1732000000.0,987400.0,86.08749999999999,True,True,True
Dominica,DMA,2016,18000000.0,7361.0,20.875,True,True,True
Dominican Republic,DOM,2016,9840000000.0,1486227.0,126.005,True,True,True
Ecuador,ECU,2016,16798000000.0,1907090.0,103.4125,True,True,True
"Egypt, Arab Rep.",EGY,2016,25468000000.0,5887541.0,242.0775,True,True,True
El Salvador,SLV,2016,5420000000.0,202165.0,28.4075,True,True,True
Equatorial Guinea,GNQ,2016,4137000000.0,14281.0,27.0075,True,True,True
Eritrea,ERI,2016,436000000.0,12551.97,5.49,True,True,True
Estonia,EST,2016,13171000000.0,204177.0,35.02,True,True,True
Eswatini,SWZ,2016,1633000000.0,,,True,False,False
Faroe Islands,FRO,2016,1191679731.68217,33520.26,13.76,True,True,True
Fiji,FJI,2016,926000000.0,244524.4,40.045,True,True,True
Finland,FIN,2016,57908000000.0,1509479.0,93.485,True,True,True
France,FRA,2016,501179000000.0,5225656.0,288.19,True,True,True
French Polynesia,PYF,2016,173000000.0,69088.0,38.655,True,True,True
Gabon,GAB,2016,9503000000.0,146000.0,39.870000000000005,True,True,True
"Gambia, The",GMB,2016,105000000.0,60000.0,25.3025,True,True,True
Georgia,GEO,2016,2117000000.0,251011.0,17.6075,True,True,True
Germany,DEU,2016,1334355000000.0,15126366.0,395.96,True,True,True
Ghana,GHA,2016,11138000000.0,942463.0,79.8375,True,True,True
Gibraltar,GIB,2016,307000000.0,18621.03,9.795,True,True,True
Greece,GRC,2016,28151000000.0,4088425.0,136.9625,True,True,True
Greenland,GRL,2016,575000000.0,8631.709,5.574999999999999,True,True,True
Grenada,GRD,2016,30000000.0,19634.0,26.5075,True,True,True
Guam,GUM,2016,33000000.0,198209.0,28.15,True,True,True
Guatemala,GTM,2016,10447000000.0,1470101.0,96.6775,True,True,True
Guinea,GIN,2016,2414000000.0,176167.0,38.665,True,True,True
Guinea-Bissau,GNB,2016,277000000.0,26382.34,11.595,True,True,True
Guyana,GUY,2016,1441000000.0,55168.0,42.8775,True,True,True
Haiti,HTI,2016,986000000.0,176879.0,45.61,True,True,True
Honduras,HND,2016,7960000000.0,756641.0,68.97749999999999,True,True,True
"Hong Kong SAR, China",HKG,2016,516635000000.0,19580000.0,473.0,True,True,True
Hungary,HUN,2016,101919000000.0,,,True,False,False
Iceland,ISL,2016,4436000000.0,308660.0,18.54,True,True,True
India,IND,2016,264542000000.0,13724110.0,262.72,True,True,True
Indonesia,IDN,2016,144490000000.0,10535691.0,217.8325,True,True,True
"Iran, Islamic Rep.",IRN,2016,72903000000.0,2462028.0,112.295,True,True,True
Iraq,IRQ,2016,41298000000.0,220859.7,36.77,True,True,True
Ireland,IRL,2016,130864000000.0,916833.0,58.34,True,True,True
Isle of Man,IMN,2016,,,,False,False,False
Israel,ISR,2016,60571000000.0,2711000.0,111.48,True,True,True
Italy,ITA,2016,461737000000.0,10589293.0,289.39,True,True,True
Jamaica,JAM,2016,1202000000.0,1567442.0,100.8225,True,True,True
Japan,JPN,2016,645052000000.0,21678076.0,416.83,True,True,True
Jordan,JOR,2016,7549000000.0,792841.0,65.86500000000001,True,True,True
Kazakhstan,KAZ,2016,36685000000.0,,,True,False,False
Kenya,KEN,2016,5695000000.0,1091000.0,56.335,True,True,True
Kiribati,KIR,2016,11000000.0,49005.46,16.685,True,True,True
"Korea, Dem. People's Rep.",PRK,2016,3006000000.0,,,True,False,False
"Korea, Rep.",KOR,2016,495426000000.0,25945418.0,536.4275,True,True,True
Kosovo,XKX,2016,,,,False,False,False
Kuwait,KWT,2016,46273000000.0,944432.0,33.557500000000005,True,True,True
Kyrgyz Republic,KGZ,2016,1573000000.0,,,True,False,False
Lao PDR,LAO,2016,4245000000.0,,,True,False,False
Latvia,LVA,2016,12294000000.0,388260.0,31.5025,True,True,True
Lebanon,LBN,2016,3930000000.0,1147219.0,99.0425,True,True,True
Lesotho,LSO,2016,881000000.0,,,True,False,False
Liberia,LBR,2016,279000000.0,112500.0,20.0675,True,True,True
Libya,LBY,2016,20880000000.0,151551.5,49.9175,True,True,True
Liechtenstein,LIE,2016,,,,False,False,False
Lithuania,LTU,2016,25010000000.0,443000.0,43.5075,True,True,True
Luxembourg,LUX,2016,15796000000.0,,,True,False,False
"Macao SAR, China",MAC,2016,1257000000.0,,,True,False,False
Madagascar,MDG,2016,2254000000.0,138850.0,36.135,True,True,True
Malawi,MWI,2016,1022000000.0,,,True,False,False
Malaysia,MYS,2016,189743000000.0,24569452.0,478.1825,True,True,True
Maldives,MDV,2016,256000000.0,81744.0,18.325000000000003,True,True,True
Mali,MLI,2016,2826000000.0,,,True,False,False
Malta,MLT,2016,3186000000.0,3151939.0,147.7675,True,True,True
Marshall Islands,MHL,2016,36000000.0,51613.32,21.21,True,True,True
Mauritania,MRT,2016,1623000000.0,72523.0,25.235,True,True,True
Mauritius,MUS,2016,2359000000.0,388514.0,72.99,True,True,True
Mexico,MEX,2016,373948000000.0,5678854.0,169.60250000000002,True,True,True
"Micronesia, Fed. Sts.",FSM,2016,49000000.0,9814.813,7.65,True,True,True
Moldova,MDA,2016,2045000000.0,735.0142,3.65,True,True,True
Monaco,MCO,2016,,,,False,False,False
Mongolia,MNG,2016,4916000000.0,,,True,False,False
Montenegro,MNE,2016,361000000.0,30211.0,13.755,True,True,True
Morocco,MAR,2016,22661000000.0,4106683.0,206.8075,True,True,True
Mozambique,MOZ,2016,3328000000.0,,43.5325,True,False,True
Myanmar,MMR,2016,11831000000.0,1026216.0,52.73,True,True,True
Namibia,NAM,2016,4084000000.0,203071.0,53.975,True,True,True
Nauru,NRU,2016,18000000.0,7032.956,5.2425,True,True,True
Nepal,NPL,2016,696000000.0,,,True,False,False
Netherlands,NLD,2016,570606000000.0,12612142.0,389.43,True,True,True
New Caledonia,NCL,2016,1330000000.0,108500.0,45.977500000000006,True,True,True
New Zealand,NZL,2016,33756000000.0,3000696.0,89.975,True,True,True
Nicaragua,NIC,2016,4782000000.0,156900.0,24.72,True,True,True
Niger,NER,2016,1032000000.0,,,True,False,False
Nigeria,NGA,2016,33302000000.0,1272000.0,98.1325,True,True,True
North Macedonia,MKD,2016,4790000000.0,,,True,False,False
Northern Mariana Islands,MNP,2016,6000000.0,44989.51,20.205,True,True,True
Norway,NOR,2016,88410000000.0,716916.0,58.7825,True,True,True
Oman,OMN,2016,30014000000.0,3943846.0,143.3175,True,True,True
Pakistan,PAK,2016,20375000000.0,3074000.0,124.49,True,True,True
Palau,PLW,2016,7000000.0,22490.03,9.65,True,True,True
Panama,PAN,2016,11195000000.0,6271682.0,196.855,True,True,True
Papua New Guinea,PNG,2016,8194000000.0,,45.825,True,False,True
Paraguay,PRY,2016,8494000000.0,38430.0,4.45,True,True,True
Peru,PER,2016,36516000000.0,2321062.0,110.31,True,True,True
Philippines,PHL,2016,56313000000.0,7560607.0,166.455,True,True,True
Poland,POL,2016,203817000000.0,2032761.0,102.585,True,True,True
Portugal,PRT,2016,55372000000.0,2912946.0,156.89249999999998,True,True,True
Puerto Rico (US),PRI,2016,,1210500.0,,False,True,False
Qatar,QAT,2016,57309000000.0,527952.0,39.78,True,True,True
Romania,ROU,2016,63534000000.0,711339.0,67.2025,True,True,True
Russian Federation,RUS,2016,281710000000.0,3472382.0,212.465,True,True,True
Rwanda,RWA,2016,731000000.0,,,True,False,False
Samoa,WSM,2016,56000000.0,34588.0,27.4275,True,True,True
San Marino,SMR,2016,,,,False,False,False
Sao Tome and Principe,STP,2016,14000000.0,67523.29,14.9375,True,True,True
Saudi Arabia,SAU,2016,183579000000.0,7683202.0,194.4375,True,True,True
Senegal,SEN,2016,2640000000.0,540000.0,56.97,True,True,True
Serbia,SRB,2016,14874000000.0,,,True,False,False
Seychelles,SYC,2016,460000000.0,132214.6,24.885,True,True,True
Sierra Leone,SLE,2016,624000000.0,89063.0,23.95,True,True,True
Singapore,SGP,2016,330481000000.0,30903600.0,549.105,True,True,True
Sint Maarten (Dutch part),SXM,2016,132000000.0,97991.0,43.025,True,True,True
Slovak Republic,SVK,2016,77060000000.0,,,True,False,False
Slovenia,SVN,2016,32917000000.0,844000.0,73.5625,True,True,True
Solomon Islands,SLB,2016,437000000.0,181636.1,32.8975,True,True,True
"Somalia, Fed. Rep.",SOM,2016,615000000.0,104800.4,25.3875,True,True,True
South Africa,ZAF,2016,76214000000.0,4354666.0,127.7125,True,True,True
South Sudan,SSD,2016,,,,False,False,False
Spain,ESP,2016,289981000000.0,15073218.0,393.22,True,True,True
Sri Lanka,LKA,2016,10310000000.0,5734000.0,212.8475,True,True,True
St. Kitts and Nevis,KNA,2016,51000000.0,13216.0,22.7375,True,True,True
St. Lucia,LCA,2016,120000000.0,38383.0,26.7225,True,True,True
St. Martin (French part),MAF,2016,132000000.0,,,True,False,False
St. Vincent and the Grenadines,VCT,2016,47000000.0,18236.0,32.7825,True,True,True
Sudan,SDN,2016,3094000000.0,465355.0,37.8275,True,True,True
Suriname,SUR,2016,1439000000.0,98652.0,40.23,True,True,True
Sweden,SWE,2016,139290000000.0,1509886.0,119.6625,True,True,True
Switzerland,CHE,2016,302900000000.0,114498.0,,True,True,False
Syrian Arab Republic,SYR,2016,2377000000.0,253415.0,32.155,True,True,True
Tajikistan,TJK,2016,899000000.0,,,True,False,False
Tanzania,TZA,2016,4500000000.0,630290.0,53.255,True,True,True
Thailand,THA,2016,215388000000.0,9340560.0,215.64,True,True,True
Timor-Leste,TLS,2016,20000000.0,49177.0,11.595,True,True,True
Togo,TGO,2016,1036000000.0,821639.0,78.145,True,True,True
Tonga,TON,2016,21000000.0,84702.43,27.0425,True,True,True
Trinidad and Tobago,TTO,2016,7633000000.0,427427.0,70.285,True,True,True
Tunisia,TUN,2016,13572000000.0,489670.0,43.83,True,True,True
Turkiye,TUR,2016,149247000000.0,8760769.0,220.36,True,True,True
Turkmenistan,TKM,2016,6964000000.0,,,True,False,False
Turks and Caicos Islands,TCA,2016,4000000.0,,,True,False,False
Tuvalu,TUV,2016,0.0,15844.34,8.79,True,True,True
Uganda,UGA,2016,2482000000.0,,,True,False,False
Ukraine,UKR,2016,36360000000.0,680623.0,63.6575,True,True,True
United Arab Emirates,ARE,2016,295031000000.0,20652200.0,302.525,True,True,True
United Kingdom,GBR,2016,410856000000.0,10200229.0,403.76,True,True,True
United States,USA,2016,1451011000000.0,48149002.0,475.3625,True,True,True
Uruguay,URY,2016,7043000000.0,888119.0,84.4225,True,True,True
Uzbekistan,UZB,2016,8974000000.0,,,True,False,False
Vanuatu,VUT,2016,50000000.0,115886.9,24.815,True,True,True
Viet Nam,VNM,2016,176581000000.0,11282230.0,280.805,True,True,True
Virgin Islands (U.S.),VIR,2016,,,,False,False,False
West Bank and Gaza,PSE,2016,,,,False,False,False
"Yemen, Rep.",YEM,2016,411000000.0,268208.0,31.165,True,True,True
Zambia,ZMB,2016,6372000000.0,,,True,False,False
Zimbabwe,ZWE,2016,3335000000.0,,,True,False,False
Afghanistan,AFG,2017,723000000.0,,,True,False,False
Albania,ALB,2017,2292000000.0,118270.0,16.1575,True,True,True
Algeria,DZA,2017,35191000000.0,1725198.0,70.2525,True,True,True
American Samoa,ASM,2017,397000000.0,92270.0,25.5,True,True,True
Andorra,AND,2017,118000000.0,,,True,False,False
Angola,AGO,2017,34613000000.0,683548.0,71.3725,True,True,True
Antigua and Barbuda,ATG,2017,21000000.0,17311.0,17.28,True,True,True
Argentina,ARG,2017,58644000000.0,1809153.0,104.2275,True,True,True
Armenia,ARM,2017,2245000000.0,,,True,False,False
Aruba,ABW,2017,135000000.0,31689.0,25.555,True,True,True
Australia,AUS,2017,231131000000.0,7991508.0,145.995,True,True,True
Austria,AUT,2017,168026000000.0,285900.0,,True,True,False
Azerbaijan,AZE,2017,15481000000.0,,,True,False,False
"Bahamas, The",BHS,2017,473000000.0,920652.0,76.5075,True,True,True
Bahrain,BHR,2017,15376000000.0,400307.0,47.7125,True,True,True
Bangladesh,BGD,2017,35851000000.0,2583549.0,57.51,True,True,True
Barbados,BRB,2017,485000000.0,107098.0,38.1575,True,True,True
Belarus,BLR,2017,29267000000.0,,,True,False,False
Belgium,BEL,2017,429645000000.0,10783850.0,396.1625,True,True,True
Belize,BLZ,2017,457000000.0,44381.0,28.975,True,True,True
Benin,BEN,2017,2216000000.0,333000.0,57.879999999999995,True,True,True
Bermuda,BMU,2017,18000000.0,4437.324,7.77,True,True,True
Bhutan,BTN,2017,573000000.0,,,True,False,False
Bolivia,BOL,2017,7846000000.0,,,True,False,False
Bosnia and Herzegovina,BIH,2017,6402000000.0,,,True,False,False
Botswana,BWA,2017,5870000000.0,,,True,False,False
Brazil,BRA,2017,214988000000.0,9380502.0,118.56,True,True,True
British Virgin Islands,VGB,2017,,49149.42,21.4525,False,True,True
Brunei Darussalam,BRN,2017,5571000000.0,104747.0,23.2475,True,True,True
Bulgaria,BGR,2017,31438000000.0,228545.0,25.465,True,True,True
Burkina Faso,BFA,2017,2875000000.0,,,True,False,False
Burundi,BDI,2017,172000000.0,,,True,False,False
Cabo Verde,CPV,2017,52000000.0,74554.0,13.8475,True,True,True
Cambodia,KHM,2017,11278000000.0,459835.0,34.5975,True,True,True
Cameroon,CMR,2017,3233000000.0,386367.0,56.38,True,True,True
Canada,CAN,2017,420665000000.0,6377236.0,160.405,True,True,True
Cayman Islands,CYM,2017,39000000.0,61940.0,6.67,True,True,True
Central African Republic,CAF,2017,140000000.0,,,True,False,False
Chad,TCD,2017,2621000000.0,,,True,False,False
Channel Islands,CHI,2017,,,,False,False,False
Chile,CHL,2017,68823000000.0,4407502.0,99.11,True,True,True
China,CHN,2017,2263346000000.0,218712874.0,929.1375,True,True,True
Colombia,COL,2017,36897000000.0,3877937.0,179.89499999999998,True,True,True
Comoros,COM,2017,39000000.0,52673.2,14.9,True,True,True
"Congo, Dem. Rep.",COD,2017,12296000000.0,52066.0,23.735,True,True,True
"Congo, Rep.",COG,2017,8252000000.0,650000.0,76.5575,True,True,True
Costa Rica,CRI,2017,10769000000.0,1489326.0,87.1525,True,True,True
Cote d'Ivoire,CIV,2017,11853000000.0,907646.0,71.07249999999999,True,True,True
Croatia,HRV,2017,16069000000.0,288235.0,64.6025,True,True,True
Cuba,CUB,2017,2402000000.0,332240.0,34.85,True,True,True
Curacao,CUW,2017,425000000.0,93921.0,25.555,True,True,True
Cyprus,CYP,2017,3288000000.0,345016.0,48.18,True,True,True
Czechia,CZE,2017,182142000000.0,,,True,False,False
Denmark,DNK,2017,102506000000.0,820139.0,96.9875,True,True,True
Djibouti,DJI,2017,3162000000.0,928000.0,80.745,True,True,True
Dominica,DMA,2017,12000000.0,7425.0,18.22,True,True,True
Dominican Republic,DOM,2017,10135000000.0,1770295.0,131.9175,True,True,True
Ecuador,ECU,2017,19122000000.0,1990210.0,100.885,True,True,True
"Egypt, Arab Rep.",EGY,2017,25604000000.0,6337413.0,217.1525,True,True,True
El Salvador,SLV,2017,5760000000.0,209903.0,32.05,True,True,True
Equatorial Guinea,GNQ,2017,4970000000.0,13301.0,32.5625,True,True,True
Eritrea,ERI,2017,583000000.0,12551.97,5.49,True,True,True
Estonia,EST,2017,14559000000.0,229905.0,35.8675,True,True,True
Eswatini,SWZ,2017,1801000000.0,,,True,False,False
Faroe Islands,FRO,2017,1305756809.93165,34942.61,14.59,True,True,True
Fiji,FJI,2017,956000000.0,276943.9,42.665,True,True,True
Finland,FIN,2017,68073000000.0,1630089.0,83.7475,True,True,True
France,FRA,2017,535298000000.0,5738031.0,287.64250000000004,True,True,True
French Polynesia,PYF,2017,153000000.0,69192.0,39.665,True,True,True
Gabon,GAB,2017,5771000000.0,156000.0,42.825,True,True,True
"Gambia, The",GMB,2017,124000000.0,62500.0,20.43,True,True,True
Georgia,GEO,2017,2746000000.0,,20.3875,True,False,True
Germany,DEU,2017,1448191000000.0,15163474.0,373.52,True,True,True
Ghana,GHA,2017,13835000000.0,1009755.0,77.99,True,True,True
Gibraltar,GIB,2017,,4626.185,7.01,False,True,True
Greece,GRC,2017,32627000000.0,4602808.0,159.8675,True,True,True
Greenland,GRL,2017,596000000.0,6998.705,5.52,True,True,True
Grenada,GRD,2017,30000000.0,21914.0,23.0825,True,True,True
Guam,GUM,2017,33000000.0,198681.0,25.630000000000003,True,True,True
Guatemala,GTM,2017,10990000000.0,1389751.0,96.255,True,True,True
Guinea,GIN,2017,4594000000.0,203373.0,37.2825,True,True,True
Guinea-Bissau,GNB,2017,339000000.0,56819.16,13.825,True,True,True
Guyana,GUY,2017,1437000000.0,57663.0,43.6625,True,True,True
Haiti,HTI,2017,980000000.0,177141.0,35.685,True,True,True
Honduras,HND,2017,8656000000.0,797293.0,67.9425,True,True,True
"Hong Kong SAR, China",HKG,2017,549865000000.0,20760000.0,464.8575,True,True,True
Hungary,HUN,2017,113806000000.0,,,True,False,False
Iceland,ISL,2017,4878000000.0,350348.0,19.7275,True,True,True
India,IND,2017,299241000000.0,15450523.0,253.9225,True,True,True
Indonesia,IDN,2017,168811000000.0,12076306.0,224.0425,True,True,True
"Iran, Islamic Rep.",IRN,2017,92764000000.0,3091066.0,104.7125,True,True,True
Iraq,IRQ,2017,57559000000.0,823944.7,58.5675,True,True,True
Ireland,IRL,2017,137359000000.0,958488.0,52.57,True,True,True
Isle of Man,IMN,2017,,,,False,False,False
Israel,ISR,2017,61150000000.0,2868000.0,113.4525,True,True,True
Italy,ITA,2017,507418000000.0,10666550.0,288.815,True,True,True
Jamaica,JAM,2017,1310000000.0,1560000.0,101.2075,True,True,True
Japan,JPN,2017,698329000000.0,22795035.0,396.68,True,True,True
Jordan,JOR,2017,7511000000.0,796087.0,64.995,True,True,True
Kazakhstan,KAZ,2017,48304000000.0,,,True,False,False
Kenya,KEN,2017,5747000000.0,1190000.0,57.4975,True,True,True
Kiribati,KIR,2017,15000000.0,53468.83,15.0025,True,True,True
"Korea, Dem. People's Rep.",PRK,2017,1770000000.0,,,True,False,False
"Korea, Rep.",KOR,2017,573694000000.0,27420698.0,537.5125,True,True,True
Kosovo,XKX,2017,,,,False,False,False
Kuwait,KWT,2017,55015000000.0,964623.5,29.305,True,True,True
Kyrgyz Republic,KGZ,2017,1764000000.0,,,True,False,False
Lao PDR,LAO,2017,4873000000.0,,,True,False,False
Latvia,LVA,2017,14126000000.0,449712.0,27.3625,True,True,True
Lebanon,LBN,2017,4026000000.0,1305038.0,95.6225,True,True,True
Lesotho,LSO,2017,1028000000.0,,,True,False,False
Liberia,LBR,2017,358000000.0,125000.0,21.1875,True,True,True
Libya,LBY,2017,20881000000.0,212164.5,52.355,True,True,True
Liechtenstein,LIE,2017,,,,False,False,False
Lithuania,LTU,2017,29901000000.0,472000.0,39.7725,True,True,True
Luxembourg,LUX,2017,15761000000.0,,,True,False,False
"Macao SAR, China",MAC,2017,1406000000.0,,,True,False,False
Madagascar,MDG,2017,2848000000.0,220000.0,31.57,True,True,True
Malawi,MWI,2017,839000000.0,,,True,False,False
Malaysia,MYS,2017,218130000000.0,23719787.0,463.025,True,True,True
Maldives,MDV,2017,318000000.0,82761.0,13.0,True,True,True
Mali,MLI,2017,2896000000.0,,,True,False,False
Malta,MLT,2017,2858000000.0,3245812.0,139.8075,True,True,True
Marshall Islands,MHL,2017,40000000.0,74193.53,22.9775,True,True,True
Mauritania,MRT,2017,1989000000.0,88400.0,28.405,True,True,True
Mauritius,MUS,2017,2342000000.0,379371.0,68.4425,True,True,True
Mexico,MEX,2017,409433000000.0,6375338.0,162.9875,True,True,True
"Micronesia, Fed. Sts.",FSM,2017,46000000.0,11433.5,8.05,True,True,True
Moldova,MDA,2017,2425000000.0,735.0142,3.65,True,True,True
Monaco,MCO,2017,,,,False,False,False
Mongolia,MNG,2017,6201000000.0,,,True,False,False
Montenegro,MNE,2017,421000000.0,43732.0,11.6025,True,True,True
Morocco,MAR,2017,25272000000.0,4509580.0,223.975,True,True,True
Mozambique,MOZ,2017,4755000000.0,,36.7425,True,False,True
Myanmar,MMR,2017,13879000000.0,1043469.0,44.9725,True,True,True
Namibia,NAM,2017,5229000000.0,176335.0,46.1025,True,True,True
Nauru,NRU,2017,15000000.0,5536.052,4.4775,True,True,True
Nepal,NPL,2017,742000000.0,,,True,False,False
Netherlands,NLD,2017,652065000000.0,13992474.0,396.185,True,True,True
New Caledonia,NCL,2017,1561000000.0,113000.0,46.155,True,True,True
New Zealand,NZL,2017,38075000000.0,3198925.0,104.125,True,True,True
Nicaragua,NIC,2017,5170000000.0,190756.0,26.845,True,True,True
Niger,NER,2017,1206000000.0,,,True,False,False
Nigeria,NGA,2017,44468000000.0,1408000.0,86.835,True,True,True
North Macedonia,MKD,2017,5668000000.0,,,True,False,False
Northern Mariana Islands,MNP,2017,5000000.0,94910.77,21.7275,True,True,True
Norway,NOR,2017,101054000000.0,764093.0,49.885,True,True,True
Oman,OMN,2017,32904000000.0,4785012.0,145.51,True,True,True
Pakistan,PAK,2017,21569000000.0,3284000.0,118.145,True,True,True
Palau,PLW,2017,6000000.0,20009.41,9.26,True,True,True
Panama,PAN,2017,11093000000.0,6899254.0,191.755,True,True,True
Papua New Guinea,PNG,2017,9952000000.0,177122.0,48.0625,True,True,True
Paraguay,PRY,2017,8680000000.0,37584.0,4.45,True,True,True
Peru,PER,2017,43454000000.0,2539720.0,114.955,True,True,True
Philippines,PHL,2017,68713000000.0,8249852.0,170.7825,True,True,True
Poland,POL,2017,234364000000.0,2384782.0,109.8475,True,True,True
Portugal,PRT,2017,62130000000.0,3124946.0,162.02,True,True,True
Puerto Rico (US),PRI,2017,,1319572.0,,False,True,False
Qatar,QAT,2017,67498000000.0,772800.0,49.29,True,True,True
Romania,ROU,2017,70761000000.0,696438.0,65.555,True,True,True
Russian Federation,RUS,2017,352943000000.0,4303955.0,207.645,True,True,True
Rwanda,RWA,2017,1037000000.0,,,True,False,False
Samoa,WSM,2017,44000000.0,34950.0,24.299999999999997,True,True,True
San Marino,SMR,2017,,,,False,False,False
Sao Tome and Principe,STP,2017,15000000.0,62980.9,14.415,True,True,True
Saudi Arabia,SAU,2017,221835000000.0,8082329.0,206.6025,True,True,True
Senegal,SEN,2017,2989000000.0,570500.0,58.6075,True,True,True
Serbia,SRB,2017,16992000000.0,,,True,False,False
Seychelles,SYC,2017,547000000.0,104572.7,21.715,True,True,True
Sierra Leone,SLE,2017,567000000.0,89100.0,24.1925,True,True,True
Singapore,SGP,2017,373446000000.0,33666600.0,561.36,True,True,True
Sint Maarten (Dutch part),SXM,2017,123000000.0,98101.0,44.8125,True,True,True
Slovak Republic,SVK,2017,83414000000.0,,,True,False,False
Slovenia,SVN,2017,38443000000.0,911528.0,75.19,True,True,True
Solomon Islands,SLB,2017,500000000.0,180838.4,34.4275,True,True,True
"Somalia, Fed. Rep.",SOM,2017,464000000.0,126312.9,31.8725,True,True,True
South Africa,ZAF,2017,88947000000.0,4563618.0,124.2325,True,True,True
South Sudan,SSD,2017,,,,False,False,False
Spain,ESP,2017,319531000000.0,15929902.0,380.1175,True,True,True
Sri Lanka,LKA,2017,11360000000.0,6200000.0,214.015,True,True,True
St. Kitts and Nevis,KNA,2017,50000000.0,13767.0,24.6425,True,True,True
St. Lucia,LCA,2017,127000000.0,29706.0,26.125,True,True,True
St. Martin (French part),MAF,2017,123000000.0,,,True,False,False
St. Vincent and the Grenadines,VCT,2017,42000000.0,17502.0,29.335,True,True,True
Sudan,SDN,2017,4100000000.0,487336.0,41.145,True,True,True
Suriname,SUR,2017,1992000000.0,112318.0,38.7775,True,True,True
Sweden,SWE,2017,152920000000.0,1557281.0,144.39749999999998,True,True,True
Switzerland,CHE,2017,299603000000.0,119231.0,,True,True,False
Syrian Arab Republic,SYR,2017,2555000000.0,291958.0,31.1275,True,True,True
Tajikistan,TJK,2017,1198000000.0,,,True,False,False
Tanzania,TZA,2017,4113000000.0,617266.0,49.9225,True,True,True
Thailand,THA,2017,236635000000.0,9938881.0,210.15,True,True,True
Timor-Leste,TLS,2017,23000000.0,59004.0,11.3725,True,True,True
Togo,TGO,2017,1016000000.0,1193841.0,77.9975,True,True,True
Tonga,TON,2017,19000000.0,107381.3,28.355,True,True,True
Trinidad and Tobago,TTO,2017,8741000000.0,414657.0,60.6975,True,True,True
Tunisia,TUN,2017,14204000000.0,480619.0,42.9925,True,True,True
Turkiye,TUR,2017,164495000000.0,10001342.0,231.0325,True,True,True
Turkmenistan,TKM,2017,7458000000.0,,,True,False,False
Turks and Caicos Islands,TCA,2017,4000000.0,,,True,False,False
Tuvalu,TUV,2017,0.0,6499.85,5.505,True,True,True
Uganda,UGA,2017,2901000000.0,,,True,False,False
Ukraine,UKR,2017,43265000000.0,723575.0,68.9875,True,True,True
United Arab Emirates,ARE,2017,313603000000.0,19089706.0,287.84499999999997,True,True,True
United Kingdom,GBR,2017,440997000000.0,10239674.0,400.8825,True,True,True
United States,USA,2017,1546273000000.0,51522489.0,469.9975,True,True,True
Uruguay,URY,2017,7888000000.0,939427.0,85.9175,True,True,True
Uzbekistan,UZB,2017,10079000000.0,,,True,False,False
Vanuatu,VUT,2017,47000000.0,114552.6,23.91,True,True,True
Viet Nam,VNM,2017,215014000000.0,12382524.0,285.5575,True,True,True
Virgin Islands (U.S.),VIR,2017,,,,False,False,False
West Bank and Gaza,PSE,2017,,,,False,False,False
"Yemen, Rep.",YEM,2017,418000000.0,334693.0,20.3,True,True,True
Zambia,ZMB,2017,8000000000.0,,,True,False,False
Zimbabwe,ZWE,2017,3481000000.0,,,True,False,False
Afghanistan,AFG,2018,875000000.0,,,True,False,False
Albania,ALB,2018,2870000000.0,134526.0,13.0775,True,True,True
Algeria,DZA,2018,41797000000.0,1844422.0,71.465,True,True,True
American Samoa,ASM,2018,377000000.0,90245.0,25.81,True,True,True
Andorra,AND,2018,129000000.0,,,True,False,False
Angola,AGO,2018,40758000000.0,572922.0,67.3675,True,True,True
Antigua and Barbuda,ATG,2018,26000000.0,28826.0,16.405,True,True,True
Argentina,ARG,2018,61781000000.0,2184625.0,105.9025,True,True,True
Armenia,ARM,2018,2412000000.0,,,True,False,False
Aruba,ABW,2018,194000000.0,58500.0,32.2825,True,True,True
Australia,AUS,2018,257098000000.0,8667914.0,144.95,True,True,True
Austria,AUT,2018,184815000000.0,,,True,False,False
Azerbaijan,AZE,2018,20317000000.0,,,True,False,False
"Bahamas, The",BHS,2018,513000000.0,1182836.0,71.515,True,True,True
Bahrain,BHR,2018,18044000000.0,432207.0,50.4225,True,True,True
Bangladesh,BGD,2018,39252000000.0,2946955.0,64.96000000000001,True,True,True
Barbados,BRB,2018,448000000.0,100952.0,35.59,True,True,True
Belarus,BLR,2018,33726000000.0,,,True,False,False
Belgium,BEL,2018,468213000000.0,11503695.0,376.19,True,True,True
Belize,BLZ,2018,451000000.0,47729.0,28.3825,True,True,True
Benin,BEN,2018,3344000000.0,321750.0,62.9575,True,True,True
Bermuda,BMU,2018,18000000.0,4437.324,7.77,True,True,True
Bhutan,BTN,2018,606000000.0,,,True,False,False
Bolivia,BOL,2018,8965000000.0,,,True,False,False
Bosnia and Herzegovina,BIH,2018,7182000000.0,,,True,False,False
Botswana,BWA,2018,6575000000.0,,,True,False,False
Brazil,BRA,2018,231890000000.0,10061925.0,121.5525,True,True,True
British Virgin Islands,VGB,2018,,56317.36,22.86,False,True,True
Brunei Darussalam,BRN,2018,6574000000.0,113125.0,18.7875,True,True,True
Bulgaria,BGR,2018,33617000000.0,241716.0,24.7025,True,True,True
Burkina Faso,BFA,2018,3254000000.0,,,True,False,False
Burundi,BDI,2018,180000000.0,,,True,False,False
Cabo Verde,CPV,2018,76000000.0,84041.0,20.7175,True,True,True
Cambodia,KHM,2018,12700000000.0,537107.0,32.3775,True,True,True
Cameroon,CMR,2018,3803000000.0,387000.0,66.2575,True,True,True
Canada,CAN,2018,452313000000.0,6763247.0,159.91,True,True,True
Cayman Islands,CYM,2018,41000000.0,,6.13,True,False,True
Central African Republic,CAF,2018,164000000.0,,,True,False,False
Chad,TCD,2018,2670000000.0,,,True,False,False
Channel Islands,CHI,2018,,,,False,False,False
Chile,CHL,2018,74839000000.0,4661486.0,102.57,True,True,True
China,CHN,2018,2486695000000.0,229127700.0,985.7325,True,True,True
Colombia,COL,2018,41774000000.0,4181330.0,174.1,True,True,True
Comoros,COM,2018,41000000.0,55032.5,15.635,True,True,True
"Congo, Dem. Rep.",COD,2018,20004000000.0,55599.0,23.9,True,True,True
"Congo, Rep.",COG,2018,11155000000.0,739000.0,67.7625,True,True,True
Costa Rica,CRI,2018,11495000000.0,1492791.0,84.1275,True,True,True
Cote d'Ivoire,CIV,2018,11912000000.0,924596.0,65.9675,True,True,True
Croatia,HRV,2018,17402000000.0,302126.0,59.4375,True,True,True
Cuba,CUB,2018,2373000000.0,349722.0,32.0,True,True,True
Curacao,CUW,2018,586000000.0,94607.0,31.8775,True,True,True
Cyprus,CYP,2018,5052000000.0,416502.0,50.3675,True,True,True
Czechia,CZE,2018,202238000000.0,,,True,False,False
Denmark,DNK,2018,109696000000.0,833857.0,101.3325,True,True,True
Djibouti,DJI,2018,3522000000.0,859000.0,86.1975,True,True,True
Dominica,DMA,2018,10000000.0,7393.0,22.965,True,True,True
Dominican Republic,DOM,2018,10638000000.0,1906487.0,134.42000000000002,True,True,True
Ecuador,ECU,2018,21628000000.0,2212486.0,93.46,True,True,True
"Egypt, Arab Rep.",EGY,2018,27624000000.0,6701763.0,218.33,True,True,True
El Salvador,SLV,2018,5905000000.0,230989.0,32.92,True,True,True
Equatorial Guinea,GNQ,2018,6052000000.0,14716.0,33.94,True,True,True
Eritrea,ERI,2018,669000000.0,37259.65,8.282499999999999,True,True,True
Estonia,EST,2018,17017000000.0,239576.0,37.12,True,True,True
Eswatini,SWZ,2018,1842000000.0,,,True,False,False
Faroe Islands,FRO,2018,,35039.3,15.6725,False,True,True
Fiji,FJI,2018,1041000000.0,279465.5,41.5275,True,True,True
Finland,FIN,2018,75869000000.0,1594271.0,83.38749999999999,True,True,True
France,FRA,2018,582222000000.0,5978536.0,285.365,True,True,True
French Polynesia,PYF,2018,148000000.0,69140.0,37.735,True,True,True
Gabon,GAB,2018,8584000000.0,156000.0,41.31,True,True,True
"Gambia, The",GMB,2018,140000000.0,61250.0,21.52,True,True,True
Georgia,GEO,2018,3380000000.0,348240.0,22.3675,True,True,True
Germany,DEU,2018,1560539000000.0,15123221.0,369.2275,True,True,True
Ghana,GHA,2018,14943000000.0,1056785.0,75.2375,True,True,True
Gibraltar,GIB,2018,,17114.73,7.645,False,True,True
Greece,GRC,2018,39502000000.0,5395401.0,178.47,True,True,True
Greenland,GRL,2018,699000000.0,6998.705,5.52,True,True,True
Grenada,GRD,2018,31000000.0,23887.0,25.325,True,True,True
Guam,GUM,2018,34000000.0,181846.0,22.2025,True,True,True
Guatemala,GTM,2018,10769000000.0,1530596.0,99.455,True,True,True
Guinea,GIN,2018,3978000000.0,237366.0,33.875,True,True,True
Guinea-Bissau,GNB,2018,339000000.0,47433.09,13.875,True,True,True
Guyana,GUY,2018,1339000000.0,58210.0,42.205,True,True,True
Haiti,HTI,2018,1078000000.0,177010.0,38.735,True,True,True
Honduras,HND,2018,8644000000.0,813164.0,60.0675,True,True,True
"Hong Kong SAR, China",HKG,2018,568456000000.0,19641000.0,469.4125,True,True,True
Hungary,HUN,2018,124705000000.0,,,True,False,False
Iceland,ISL,2018,5556000000.0,353300.0,21.8,True,True,True
India,IND,2018,324778000000.0,16996593.0,256.675,True,True,True
Indonesia,IDN,2018,180124000000.0,12532311.0,232.2025,True,True,True
"Iran, Islamic Rep.",IRN,2018,103422000000.0,2368914.0,86.965,True,True,True
Iraq,IRQ,2018,86360000000.0,743211.1,68.21000000000001,True,True,True
Ireland,IRL,2018,164794000000.0,1000560.0,55.3625,True,True,True
Isle of Man,IMN,2018,,,,False,False,False
Israel,ISR,2018,61952000000.0,2946000.0,112.8825,True,True,True
Italy,ITA,2018,549526000000.0,10620925.0,285.06,True,True,True
Jamaica,JAM,2018,1961000000.0,1833053.0,98.735,True,True,True
Japan,JPN,2018,738143000000.0,23424446.0,400.2775,True,True,True
Jordan,JOR,2018,7750000000.0,815354.0,73.955,True,True,True
Kazakhstan,KAZ,2018,60956000000.0,,,True,False,False
Kenya,KEN,2018,6052000000.0,1306283.0,64.2575,True,True,True
Kiribati,KIR,2018,8000000.0,52568.09,12.5425,True,True,True
"Korea, Dem. People's Rep.",PRK,2018,251000000.0,,,True,False,False
"Korea, Rep.",KOR,2018,604860000000.0,28874930.0,552.525,True,True,True
Kosovo,XKX,2018,,,,False,False,False
Kuwait,KWT,2018,71938000000.0,954527.75,37.94,True,True,True
Kyrgyz Republic,KGZ,2018,1837000000.0,,,True,False,False
Lao PDR,LAO,2018,5408000000.0,,,True,False,False
Latvia,LVA,2018,16166000000.0,474393.0,31.28,True,True,True
Lebanon,LBN,2018,3830000000.0,1332990.0,104.6,True,True,True
Lesotho,LSO,2018,1221000000.0,,,True,False,False
Liberia,LBR,2018,548000000.0,118750.0,21.075,True,True,True
Libya,LBY,2018,30994000000.0,327096.8,55.065,True,True,True
Liechtenstein,LIE,2018,,,,False,False,False
Lithuania,LTU,2018,33337000000.0,749066.0,60.370000000000005,True,True,True
Luxembourg,LUX,2018,16412000000.0,,,True,False,False
"Macao SAR, China",MAC,2018,1510000000.0,,,True,False,False
Madagascar,MDG,2018,3110000000.0,179425.0,32.03,True,True,True
Malawi,MWI,2018,838000000.0,,,True,False,False
Malaysia,MYS,2018,247455000000.0,24955994.0,467.135,True,True,True
Maldives,MDV,2018,339000000.0,82252.5,17.9725,True,True,True
Mali,MLI,2018,3584000000.0,,,True,False,False
Malta,MLT,2018,3192000000.0,3414328.0,141.7825,True,True,True
Marshall Islands,MHL,2018,41000000.0,70146.41,20.3525,True,True,True
Mauritania,MRT,2018,2052000000.0,80461.5,32.485,True,True,True
Mauritius,MUS,2018,2366000000.0,451446.0,70.39750000000001,True,True,True
Mexico,MEX,2018,450713000000.0,6983149.0,164.565,True,True,True
"Micronesia, Fed. Sts.",FSM,2018,47000000.0,32194.52,11.105,True,True,True
Moldova,MDA,2018,2706000000.0,735.0142,3.645,True,True,True
Monaco,MCO,2018,,,,False,False,False
Mongolia,MNG,2018,7012000000.0,,,True,False,False
Montenegro,MNE,2018,472000000.0,15998.0,9.8575,True,True,True
Morocco,MAR,2018,28609000000.0,4715747.0,222.26,True,True,True
Mozambique,MOZ,2018,6037000000.0,372218.0,41.1225,True,True,True
Myanmar,MMR,2018,16614000000.0,1104101.0,43.4225,True,True,True
Namibia,NAM,2018,7488000000.0,144109.0,43.56,True,True,True
Nauru,NRU,2018,9000000.0,7606.643,4.83,True,True,True
Nepal,NPL,2018,786000000.0,,,True,False,False
Netherlands,NLD,2018,726697000000.0,14802257.0,407.0975,True,True,True
New Caledonia,NCL,2018,1929000000.0,110750.0,38.7375,True,True,True
New Zealand,NZL,2018,39673000000.0,3382305.0,93.8025,True,True,True
Nicaragua,NIC,2018,5014000000.0,174403.0,23.905,True,True,True
Niger,NER,2018,1202000000.0,,,True,False,False
Nigeria,NGA,2018,60547000000.0,1560000.0,79.455,True,True,True
North Macedonia,MKD,2018,6911000000.0,,,True,False,False
Northern Mariana Islands,MNP,2018,5000000.0,42095.68,16.4925,True,True,True
Norway,NOR,2018,121791000000.0,802364.0,54.85,True,True,True
Oman,OMN,2018,41761000000.0,4210679.0,149.445,True,True,True
Pakistan,PAK,2018,23425000000.0,3249000.0,123.2375,True,True,True
Palau,PLW,2018,4000000.0,20059.46,9.25,True,True,True
Panama,PAN,2018,11480000000.0,6872369.0,185.895,True,True,True
Papua New Guinea,PNG,2018,10524000000.0,170053.0,45.6875,True,True,True
Paraguay,PRY,2018,9042000000.0,38007.0,5.5600000000000005,True,True,True
Peru,PER,2018,48019000000.0,2667974.0,116.055,True,True,True
Philippines,PHL,2018,67488000000.0,8859565.0,171.0525,True,True,True
Poland,POL,2018,263569000000.0,2834296.0,119.655,True,True,True
Portugal,PRT,2018,68361000000.0,3168513.0,178.16,True,True,True
Puerto Rico (US),PRI,2018,,1447616.0,,False,True,False
Qatar,QAT,2018,84905000000.0,1340000.0,86.63749999999999,True,True,True
Romania,ROU,2018,79660000000.0,668016.0,63.3625,True,True,True
Russian Federation,RUS,2018,443914000000.0,4726726.0,201.5725,True,True,True
Rwanda,RWA,2018,1122000000.0,,,True,False,False
Samoa,WSM,2018,46000000.0,37091.0,25.805,True,True,True
San Marino,SMR,2018,,,,False,False,False
Sao Tome and Principe,STP,2018,16000000.0,47989.86,13.9275,True,True,True
Saudi Arabia,SAU,2018,294373000000.0,8683456.0,217.0025,True,True,True
Senegal,SEN,2018,3623000000.0,674000.0,59.74,True,True,True
Serbia,SRB,2018,19227000000.0,,,True,False,False
Seychelles,SYC,2018,569000000.0,106038.2,22.8975,True,True,True
Sierra Leone,SLE,2018,554000000.0,83621.0,24.22,True,True,True
Singapore,SGP,2018,412955000000.0,36599200.0,596.1025,True,True,True
Sint Maarten (Dutch part),SXM,2018,148000000.0,101100.0,41.8975,True,True,True
Slovak Republic,SVK,2018,93425000000.0,,,True,False,False
Slovenia,SVN,2018,44200000000.0,988499.0,69.0325,True,True,True
Solomon Islands,SLB,2018,569000000.0,174614.2,34.1725,True,True,True
"Somalia, Fed. Rep.",SOM,2018,534000000.0,115339.8,26.605,True,True,True
South Africa,ZAF,2018,93970000000.0,4892423.0,118.3675,True,True,True
South Sudan,SSD,2018,,,,False,False,False
Spain,ESP,2018,346754000000.0,17165709.0,375.8575,True,True,True
Sri Lanka,LKA,2018,11890000000.0,7000000.0,217.6225,True,True,True
St. Kitts and Nevis,KNA,2018,54000000.0,13491.5,24.635,True,True,True
St. Lucia,LCA,2018,62000000.0,33657.0,26.93,True,True,True
St. Martin (French part),MAF,2018,148000000.0,,,True,False,False
St. Vincent and the Grenadines,VCT,2018,44000000.0,18107.0,25.1875,True,True,True
Sudan,SDN,2018,3478000000.0,451712.0,25.205,True,True,True
Suriname,SUR,2018,2180000000.0,110000.0,35.5,True,True,True
Sweden,SWE,2018,165968000000.0,1600175.0,121.34,True,True,True
Switzerland,CHE,2018,310749000000.0,119133.0,,True,True,False
Syrian Arab Republic,SYR,2018,2400000000.0,332532.0,32.04,True,True,True
Tajikistan,TJK,2018,1073000000.0,,,True,False,False
Tanzania,TZA,2018,4041000000.0,705231.0,54.785,True,True,True
Thailand,THA,2018,252957000000.0,10371645.0,217.465,True,True,True
Timor-Leste,TLS,2018,45000000.0,47574.0,11.27,True,True,True
Togo,TGO,2018,1080000000.0,1395730.0,85.9375,True,True,True
Tonga,TON,2018,13000000.0,105190.3,27.255,True,True,True
Trinidad and Tobago,TTO,2018,10532000000.0,438703.0,62.7925,True,True,True
Tunisia,TUN,2018,15535000000.0,493366.0,41.754999999999995,True,True,True
Turkiye,TUR,2018,177169000000.0,10801305.0,236.23,True,True,True
Turkmenistan,TKM,2018,9706000000.0,,,True,False,False
Turks and Caicos Islands,TCA,2018,4000000.0,,,True,False,False
Tuvalu,TUV,2018,0.0,6188.291,5.425,True,True,True
Uganda,UGA,2018,3087000000.0,,,True,False,False
Ukraine,UKR,2018,47336000000.0,845152.0,69.0825,True,True,True
United Arab Emirates,ARE,2018,387964000000.0,18696000.0,289.2825,True,True,True
United Kingdom,GBR,2018,486439000000.0,10315140.0,398.24,True,True,True
United States,USA,2018,1663982000000.0,54483231.0,475.3475,True,True,True
Uruguay,URY,2018,7498000000.0,797874.0,88.3525,True,True,True
Uzbekistan,UZB,2018,10921000000.0,,,True,False,False
Vanuatu,VUT,2018,61000000.0,106680.4,22.5375,True,True,True
Viet Nam,VNM,2018,243699000000.0,13394390.0,307.79,True,True,True
Virgin Islands (U.S.),VIR,2018,,,,False,False,False
West Bank and Gaza,PSE,2018,,,,False,False,False
"Yemen, Rep.",YEM,2018,570000000.0,398999.0,15.8775,True,True,True
Zambia,ZMB,2018,9034000000.0,,,True,False,False
Zimbabwe,ZWE,2018,4057000000.0,,,True,False,False
Afghanistan,AFG,2019,864000000.0,,,True,False,False
Albania,ALB,2019,2716000000.0,145762.0,17.155,True,True,True
Algeria,DZA,2019,35312000000.0,1793990.0,69.4525,True,True,True
American Samoa,ASM,2019,353000000.0,76200.0,26.075,True,True,True
Andorra,AND,2019,,,,False,False,False
Angola,AGO,2019,35432000000.0,651273.0,68.66499999999999,True,True,True
Antigua and Barbuda,ATG,2019,38000000.0,27657.0,17.855,True,True,True
Argentina,ARG,2019,65116000000.0,1833964.0,101.47,True,True,True
Armenia,ARM,2019,2640000000.0,,,True,False,False
Aruba,ABW,2019,131000000.0,63870.0,29.9725,True,True,True
Australia,AUS,2019,271005000000.0,8778913.0,145.615,True,True,True
Austria,AUT,2019,178670000000.0,,,True,False,False
Azerbaijan,AZE,2019,19635000000.0,,,True,False,False
"Bahamas, The",BHS,2019,537000000.0,1555798.0,79.865,True,True,True
Bahrain,BHR,2019,18120000000.0,418933.0,34.155,True,True,True
Bangladesh,BGD,2019,39337000000.0,3145919.0,63.125,True,True,True
Barbados,BRB,2019,444000000.0,98435.0,33.3275,True,True,True
Belarus,BLR,2019,32955000000.0,,,True,False,False
Belgium,BEL,2019,446910000000.0,12389876.0,371.4425,True,True,True
Belize,BLZ,2019,425000000.0,20259.0,29.655,True,True,True
Benin,BEN,2019,3052000000.0,510895.6,58.515,True,True,True
Bermuda,BMU,2019,27000000.0,4006.0,7.875,True,True,True
Bhutan,BTN,2019,674000000.0,,,True,False,False
Bolivia,BOL,2019,8757000000.0,,,True,False,False
Bosnia and Herzegovina,BIH,2019,6578000000.0,,,True,False,False
Botswana,BWA,2019,5237000000.0,,,True,False,False
Brazil,BRA,2019,221127000000.0,10704669.0,117.3,True,True,True
British Virgin Islands,VGB,2019,,45955.97,21.49,False,True,True
Brunei Darussalam,BRN,2019,7039000000.0,117901.0,22.4275,True,True,True
Bulgaria,BGR,2019,33340000000.0,261934.0,24.2275,True,True,True
Burkina Faso,BFA,2019,3239000000.0,,,True,False,False
Burundi,BDI,2019,180000000.0,,,True,False,False
Cabo Verde,CPV,2019,62000000.0,91683.0,19.3975,True,True,True
Cambodia,KHM,2019,14825000000.0,639211.0,32.2425,True,True,True
Cameroon,CMR,2019,4084000000.0,370685.0,59.6575,True,True,True
Canada,CAN,2019,448817000000.0,7000133.0,159.64249999999998,True,True,True
Cayman Islands,CYM,2019,50000000.0,,8.79,True,False,True
Central African Republic,CAF,2019,148000000.0,,,True,False,False
Chad,TCD,2019,2588000000.0,,,True,False,False
Channel Islands,CHI,2019,,,,False,False,False
Chile,CHL,2019,68794000000.0,4641633.0,97.7425,True,True,True
China,CHN,2019,2499457000000.0,237570000.0,999.7225,True,True,True
Colombia,COL,2019,39489000000.0,4316862.0,170.3725,True,True,True
Comoros,COM,2019,39000000.0,54358.54,18.8275,True,True,True
"Congo, Dem. Rep.",COD,2019,13382000000.0,42211.0,23.6,True,True,True
"Congo, Rep.",COG,2019,5576000000.0,921000.0,69.03999999999999,True,True,True
Costa Rica,CRI,2019,11864000000.0,1300785.0,86.74000000000001,True,True,True
Cote d'Ivoire,CIV,2019,12718000000.0,994646.0,65.5425,True,True,True
Croatia,HRV,2019,17180000000.0,348435.0,60.2525,True,True,True
Cuba,CUB,2019,2062000000.0,322431.0,29.0325,True,True,True
Curacao,CUW,2019,398000000.0,,32.082499999999996,True,False,True
Cyprus,CYP,2019,3453000000.0,389962.0,55.7775,True,True,True
Czechia,CZE,2019,199128000000.0,,,True,False,False
Denmark,DNK,2019,111076000000.0,880039.0,105.7275,True,True,True
Djibouti,DJI,2019,3996000000.0,917000.0,75.1275,True,True,True
Dominica,DMA,2019,19000000.0,7409.0,24.4475,True,True,True
Dominican Republic,DOM,2019,11193000000.0,1894225.0,131.3525,True,True,True
Ecuador,ECU,2019,22329000000.0,2194042.0,103.4425,True,True,True
"Egypt, Arab Rep.",EGY,2019,29000000000.0,7403472.0,217.8075,True,True,True
El Salvador,SLV,2019,5905000000.0,249472.0,32.8725,True,True,True
Equatorial Guinea,GNQ,2019,5268000000.0,13851.0,35.1875,True,True,True
Eritrea,ERI,2019,530000000.0,27452.8,9.41,True,True,True
Estonia,EST,2019,16101000000.0,241338.0,36.8325,True,True,True
Eswatini,SWZ,2019,2002000000.0,,,True,False,False
Faroe Islands,FRO,2019,,31214.33,15.245,False,True,True
Fiji,FJI,2019,1033000000.0,145782.4,37.51,True,True,True
Finland,FIN,2019,73468000000.0,1628170.0,75.58,True,True,True
France,FRA,2019,570951000000.0,5827493.0,284.245,True,True,True
French Polynesia,PYF,2019,133000000.0,69166.0,39.835,True,True,True
Gabon,GAB,2019,7714000000.0,192998.0,40.8075,True,True,True
"Gambia, The",GMB,2019,133000000.0,71469.72,16.365,True,True,True
Georgia,GEO,2019,3798000000.0,601491.0,22.4625,True,True,True
Germany,DEU,2019,1489412000000.0,15022386.0,354.815,True,True,True
Ghana,GHA,2019,15668000000.0,1079247.0,79.3725,True,True,True
Gibraltar,GIB,2019,,10870.46,5.8675,False,True,True
Greece,GRC,2019,37907000000.0,6151556.0,182.1225,True,True,True
Greenland,GRL,2019,826000000.0,6144.526,5.52,True,True,True
Grenada,GRD,2019,34000000.0,12343.0,23.8925,True,True,True
Guam,GUM,2019,32000000.0,,22.56,True,False,True
Guatemala,GTM,2019,11175000000.0,1529010.0,98.0825,True,True,True
Guinea,GIN,2019,3945000000.0,248659.0,34.1975,True,True,True
Guinea-Bissau,GNB,2019,249000000.0,28699.98,11.28,True,True,True
Guyana,GUY,2019,1567000000.0,58543.0,37.65,True,True,True
Haiti,HTI,2019,1202000000.0,177075.5,41.0025,True,True,True
Honduras,HND,2019,8788000000.0,790707.0,56.8675,True,True,True
"Hong Kong SAR, China",HKG,2019,534887000000.0,18360000.0,444.4,True,True,True
Hungary,HUN,2019,123796000000.0,,,True,False,False
Iceland,ISL,2019,5223000000.0,330292.0,21.2325,True,True,True
India,IND,2019,324340000000.0,17487621.0,245.61,True,True,True
Indonesia,IDN,2019,167683000000.0,12615422.0,224.905,True,True,True
"Iran, Islamic Rep.",IRN,2019,65718000000.0,1503495.0,53.195,True,True,True
Iraq,IRQ,2019,80211000000.0,932728.6,64.025,True,True,True
Ireland,IRL,2019,169625000000.0,1063489.0,55.9025,True,True,True
Isle of Man,IMN,2019,,,,False,False,False
Israel,ISR,2019,58507000000.0,2917000.0,112.8725,True,True,True
Italy,ITA,2019,537718000000.0,10789337.0,283.03,True,True,True
Jamaica,JAM,2019,1651000000.0,1647609.0,98.77,True,True,True
Japan,JPN,2019,705564000000.0,23276482.0,412.3625,True,True,True
Jordan,JOR,2019,8317000000.0,798160.0,68.52250000000001,True,True,True
Kazakhstan,KAZ,2019,57309000000.0,,,True,False,False
Kenya,KEN,2019,5839000000.0,1417000.0,63.8825,True,True,True
Kiribati,KIR,2019,12000000.0,52099.86,7.5825,True,True,True
"Korea, Dem. People's Rep.",PRK,2019,280000000.0,,,True,False,False
"Korea, Rep.",KOR,2019,542233000000.0,28959959.0,562.3199999999999,True,True,True
Kosovo,XKX,2019,,,,False,False,False
Kuwait,KWT,2019,64483000000.0,959575.625,42.145,True,True,True
Kyrgyz Republic,KGZ,2019,1986000000.0,,,True,False,False
Lao PDR,LAO,2019,5806000000.0,,,True,False,False
Latvia,LVA,2019,15705000000.0,449850.0,33.7025,True,True,True
Lebanon,LBN,2019,4829000000.0,1293888.0,96.975,True,True,True
Lesotho,LSO,2019,919000000.0,,,True,False,False
Liberia,LBR,2019,543000000.0,91453.84,21.5225,True,True,True
Libya,LBY,2019,29250000000.0,271230.6,55.7525,True,True,True
Liechtenstein,LIE,2019,,,,False,False,False
Lithuania,LTU,2019,33151000000.0,703000.0,59.905,True,True,True
Luxembourg,LUX,2019,16451000000.0,,,True,False,False
"Macao SAR, China",MAC,2019,1586000000.0,,,True,False,False
Madagascar,MDG,2019,2696000000.0,199712.5,28.4675,True,True,True
Malawi,MWI,2019,899000000.0,,,True,False,False
Malaysia,MYS,2019,238195000000.0,26215322.0,460.55,True,True,True
Maldives,MDV,2019,361000000.0,107728.2,18.35,True,True,True
Mali,MLI,2019,3675000000.0,,,True,False,False
Malta,MLT,2019,3178000000.0,2813023.0,125.9575,True,True,True
Marshall Islands,MHL,2019,55000000.0,30711.22,17.22,True,True,True
Mauritania,MRT,2019,2266000000.0,84457.99,29.8225,True,True,True
Mauritius,MUS,2019,2223000000.0,469011.0,72.375,True,True,True
Mexico,MEX,2019,460604000000.0,7113878.0,171.8125,True,True,True
"Micronesia, Fed. Sts.",FSM,2019,41000000.0,25234.09,12.83,True,True,True
Moldova,MDA,2019,2779000000.0,818.0,3.64,True,True,True
Monaco,MCO,2019,,,,False,False,False
Mongolia,MNG,2019,7620000000.0,,,True,False,False
Montenegro,MNE,2019,465000000.0,15744.0,12.45,True,True,True
Morocco,MAR,2019,29132000000.0,6068803.0,203.3675,True,True,True
Mozambique,MOZ,2019,4787000000.0,411938.0,39.925,True,True,True
Myanmar,MMR,2019,17997000000.0,1128353.0,37.23,True,True,True
Namibia,NAM,2019,4743000000.0,142957.0,44.06,True,True,True
Nauru,NRU,2019,14000000.0,5327.06,4.66,True,True,True
Nepal,NPL,2019,968000000.0,,,True,False,False
Netherlands,NLD,2019,708596000000.0,15198050.0,414.5675,True,True,True
New Caledonia,NCL,2019,1700000000.0,111875.0,37.835,True,True,True
New Zealand,NZL,2019,39517000000.0,3430977.0,92.9,True,True,True
Nicaragua,NIC,2019,5272000000.0,175370.0,21.35,True,True,True
Niger,NER,2019,1126000000.0,,,True,False,False
Nigeria,NGA,2019,62531000000.0,1627142.0,77.7575,True,True,True
North Macedonia,MKD,2019,7189000000.0,,,True,False,False
Northern Mariana Islands,MNP,2019,5000000.0,44951.82,16.485,True,True,True
Norway,NOR,2019,102799000000.0,837457.0,66.1925,True,True,True
Oman,OMN,2019,38724000000.0,4890471.0,149.54500000000002,True,True,True
Pakistan,PAK,2019,23329000000.0,3150000.0,112.015,True,True,True
Palau,PLW,2019,4000000.0,16399.0,8.45,True,True,True
Panama,PAN,2019,11318000000.0,7346859.0,187.535,True,True,True
Papua New Guinea,PNG,2019,10946000000.0,,44.265,True,False,True
Paraguay,PRY,2019,7968000000.0,37795.5,7.1925,True,True,True
Peru,PER,2019,46444000000.0,2677239.0,120.8425,True,True,True
Philippines,PHL,2019,70334000000.0,9333428.0,173.78,True,True,True
Poland,POL,2019,266595000000.0,3046483.0,126.7675,True,True,True
Portugal,PRT,2019,67063000000.0,2907005.0,161.34,True,True,True
Puerto Rico (US),PRI,2019,,1451950.0,,False,True,False
Qatar,QAT,2019,72935000000.0,1340000.0,89.1325,True,True,True
Romania,ROU,2019,76871000000.0,666036.0,60.42,True,True,True
Russian Federation,RUS,2019,419721000000.0,4967133.0,192.77,True,True,True
Rwanda,RWA,2019,1241000000.0,,,True,False,False
Samoa,WSM,2019,49000000.0,42102.0,29.3375,True,True,True
San Marino,SMR,2019,,,,False,False,False
Sao Tome and Principe,STP,2019,13000000.0,49552.86,16.1525,True,True,True
Saudi Arabia,SAU,2019,261603000000.0,8905621.0,211.4675,True,True,True
Senegal,SEN,2019,4179000000.0,695698.0,50.075,True,True,True
Serbia,SRB,2019,19630000000.0,,,True,False,False
Seychelles,SYC,2019,518000000.0,154423.4,26.42,True,True,True
Sierra Leone,SLE,2019,635000000.0,78413.0,17.335,True,True,True
Singapore,SGP,2019,390763000000.0,37195000.0,570.765,True,True,True
Sint Maarten (Dutch part),SXM,2019,181000000.0,105200.0,41.0575,True,True,True
Slovak Republic,SVK,2019,89509000000.0,,,True,False,False
Slovenia,SVN,2019,44943000000.0,959000.0,71.1125,True,True,True
Solomon Islands,SLB,2019,461000000.0,128035.7,33.5375,True,True,True
"Somalia, Fed. Rep.",SOM,2019,570000000.0,92238.0,27.7025,True,True,True
South Africa,ZAF,2019,90016000000.0,4529034.0,115.12,True,True,True
South Sudan,SSD,2019,1613000000.0,,,True,False,False
Spain,ESP,2019,334018000000.0,17464920.0,366.5375,True,True,True
Sri Lanka,LKA,2019,11940000000.0,7230000.0,213.425,True,True,True
St. Kitts and Nevis,KNA,2019,58000000.0,13629.25,25.244999999999997,True,True,True
St. Lucia,LCA,2019,82000000.0,39238.0,24.125,True,True,True
St. Martin (French part),MAF,2019,181000000.0,,,True,False,False
St. Vincent and the Grenadines,VCT,2019,39000000.0,18222.0,25.4025,True,True,True
Sudan,SDN,2019,3735000000.0,422597.0,22.975,True,True,True
Suriname,SUR,2019,2155000000.0,109200.0,36.6475,True,True,True
Sweden,SWE,2019,160576000000.0,1623363.0,117.6625,True,True,True
Switzerland,CHE,2019,313934000000.0,121366.0,,True,True,False
Syrian Arab Republic,SYR,2019,2609000000.0,325097.0,31.9625,True,True,True
Tajikistan,TJK,2019,1174000000.0,,,True,False,False
Tanzania,TZA,2019,5005000000.0,726431.0,54.665,True,True,True
Thailand,THA,2019,246269000000.0,10130294.0,221.71,True,True,True
Timor-Leste,TLS,2019,154000000.0,53289.0,11.27,True,True,True
Togo,TGO,2019,1055000000.0,1500611.0,82.1075,True,True,True
Tonga,TON,2019,20000000.0,76853.95,24.6725,True,True,True
Trinidad and Tobago,TTO,2019,7192000000.0,446232.0,63.415,True,True,True
Tunisia,TUN,2019,14933000000.0,474222.0,37.3,True,True,True
Turkiye,TUR,2019,180833000000.0,11591414.0,229.855,True,True,True
Turkmenistan,TKM,2019,10622000000.0,,,True,False,False
Turks and Caicos Islands,TCA,2019,3000000.0,,4.13,True,False,True
Tuvalu,TUV,2019,0.0,5150.0,5.05,True,True,True
Uganda,UGA,2019,3564000000.0,,,True,False,False
Ukraine,UKR,2019,50054000000.0,1007273.0,65.91499999999999,True,True,True
United Arab Emirates,ARE,2019,389428000000.0,18802000.0,278.5075,True,True,True
United Kingdom,GBR,2019,460026000000.0,10508000.0,398.63,True,True,True
United States,USA,2019,1643161000000.0,55711323.0,480.9125,True,True,True
Uruguay,URY,2019,7680000000.0,749562.0,84.095,True,True,True
Uzbekistan,UZB,2019,14930000000.0,,,True,False,False
Vanuatu,VUT,2019,56000000.0,77435.86,22.4775,True,True,True
Viet Nam,VNM,2019,264268000000.0,15297028.0,314.1375,True,True,True
Virgin Islands (U.S.),VIR,2019,,,,False,False,False
West Bank and Gaza,PSE,2019,,,,False,False,False
"Yemen, Rep.",YEM,2019,652000000.0,464923.0,17.575,True,True,True
Zambia,ZMB,2019,7039000000.0,,,True,False,False
Zimbabwe,ZWE,2019,4269000000.0,,,True,False,False
